disease,description,home_remedies,medicine_category,consult_if,severity
panic disorder,Recurrent unexpected panic attacks with intense fear and physical symptoms.,Deep breathing · Grounding techniques · Regular exercise · Limit caffeine · Meditation,SSRIs · Benzodiazepines · Beta blockers · CBT therapy,Attacks increasing in frequency or causing significant life impairment,moderate
vocal cord polyp,Noncancerous growth on vocal cords causing hoarseness and voice changes.,Voice rest · Hydration · Avoid smoking · Honey lemon tea · Steam inhalation,Voice therapy · Corticosteroids · Proton pump inhibitors,Hoarseness lasting more than 2 weeks or breathing difficulty,mild
turner syndrome,Chromosomal condition in females causing short stature and infertility.,Regular monitoring · Healthy diet · Exercise · Emotional support,Hormone replacement therapy · Growth hormone · Fertility treatment,Always consult an endocrinologist for lifelong management,moderate
cryptorchidism,Condition where one or both testicles fail to descend into the scrotum.,Monitor as per doctor advice · No specific home remedy,Hormonal therapy · Surgical orchiopexy,Always requires medical evaluation before age 1,moderate
atrophic vaginitis,Thinning and inflammation of vaginal walls due to reduced estrogen.,Vaginal moisturizers · Avoid irritants · Stay hydrated · Regular sexual activity,Topical estrogen · Lubricants · Oral estrogen if appropriate,"Bleeding, severe pain, or recurrent infections",mild
glaucoma,Progressive optic nerve damage usually from elevated eye pressure causing vision loss.,Regular eye check · Reduce caffeine · Elevate head while sleeping · Avoid heavy lifting,"Eye drops (beta blockers, prostaglandins) · Carbonic anhydrase inhibitors · Surgery","Any sudden eye pain, vision loss, or halos around lights",severe
eating disorder,Serious mental health condition involving abnormal eating behaviors and distorted body image.,Regular structured meals · Support groups · Therapy · Nutritional education,Antidepressants · Antipsychotics · Nutritional supplementation · CBT,"Rapid weight loss, fainting, or medical complications from malnutrition",severe
transient ischemic attack,Brief stroke-like episode caused by temporary blood flow disruption to the brain.,Seek emergency care immediately — TIA is a warning sign of stroke,Antiplatelets · Anticoagulants · Statins · Blood pressure medications,Immediately — TIA requires emergency evaluation to prevent stroke,severe
pyelonephritis,"Bacterial kidney infection causing fever, flank pain and urinary symptoms.",Hydration · Cranberry juice · Rest · Heating pad on back,Antibiotics · Antipyretics · Analgesics · IV fluids if severe,"High fever, severe pain, vomiting, or no improvement after 48 hours",severe
rotator cuff injury,Tear or strain of shoulder muscles and tendons causing pain and weakness.,Rest · Ice pack · Shoulder exercises · Anti-inflammatory foods · Avoid overhead activities,NSAIDs · Corticosteroid injections · Physical therapy · Surgery if complete tear,"Sudden severe pain, inability to lift arm, or worsening weakness",moderate
chronic pain disorder,Persistent pain lasting more than 3 months affecting daily functioning.,Gentle exercise · Mindfulness · Heat or cold therapy · Sleep hygiene · Distraction techniques,"Analgesics · Antidepressants · Anticonvulsants · Opioids (severe, monitored)",Pain significantly impacting daily life or associated with new neurological symptoms,moderate
liver cancer,Malignant tumor originating in liver cells causing pain and liver dysfunction.,Seek emergency care immediately — follow oncologist advice,Sorafenib · Chemotherapy · Radiation · Surgical resection · Transplant,Always requires immediate specialist oncology care,severe
atelectasis,Partial or complete lung collapse causing breathing difficulty and reduced oxygen.,Deep breathing exercises · Incentive spirometry · Frequent position changes · Hydration,Bronchodilators · Mucolytics · Oxygen therapy · Antibiotics if infected,"Significant breathing difficulty, low oxygen saturation, or fever",severe
cirrhosis,Severe scarring of liver tissue from long-term liver damage affecting all functions.,Avoid alcohol completely · Low sodium diet · No raw seafood · Weight management,Diuretics · Beta blockers · Lactulose · Liver transplant evaluation,"Yellowing skin, swollen abdomen, confusion, or vomiting blood",severe
diabetic retinopathy,Diabetes-related damage to blood vessels in the retina causing vision problems.,Strict blood sugar control · Regular eye exams · Healthy diet · No smoking,Anti-VEGF injections · Laser photocoagulation · Vitrectomy · Insulin optimization,"Any sudden vision change, floaters, or blurred vision in diabetic patient",severe
fibromyalgia,"Widespread musculoskeletal pain with fatigue, sleep and mood issues.",Gentle exercise · Warm baths · Regular sleep schedule · Stress reduction · Yoga,Duloxetine · Pregabalin · Milnacipran · Amitriptyline · NSAIDs,Severe pain limiting all activity or associated depression with suicidal thoughts,moderate
peritonitis,Inflammation of the peritoneum lining the abdomen — a medical emergency.,Seek emergency care immediately,IV antibiotics · IV fluids · Surgery · ICU monitoring,Immediately — peritonitis is life threatening,severe
acute pancreatitis,Sudden inflammation of the pancreas causing severe abdominal pain.,Fast (nil by mouth) · IV fluids · Rest · Avoid alcohol · Low fat diet on recovery,IV fluids · Analgesics · Antibiotics · Enzyme supplements · Surgery if severe,"Severe abdominal pain radiating to back, vomiting, or fever",severe
thrombophlebitis,Inflammation of a vein with blood clot formation causing pain and swelling.,Elevate affected limb · Warm compress · Gentle walking · Compression stockings,NSAIDs · Anticoagulants · Compression therapy · Antibiotics if infected,"Sudden severe pain, redness spreading rapidly, or suspected DVT",moderate
asthma,Chronic inflammatory airway disease causing recurrent breathlessness and wheezing.,Avoid triggers · Breathing exercises · Warm fluids · Air purifier · Yoga pranayama,Bronchodilators · Inhaled corticosteroids · Leukotriene antagonists · Biologics,"Severe breathlessness, blue lips, or inhaler not providing relief",moderate
restless leg syndrome,Neurological disorder causing uncomfortable leg sensations and urge to move.,Regular exercise · Warm bath before bed · Leg massage · Reduce caffeine · Iron check,Dopamine agonists · Iron supplements · Gabapentin · Benzodiazepines,Symptoms severely disrupting sleep or associated with iron deficiency,mild
emphysema,Lung disease with damaged air sacs causing breathlessness and reduced lung capacity.,Quit smoking · Pulmonary rehabilitation · Breathing exercises · Avoid air pollution,Bronchodilators · Inhaled steroids · Oxygen therapy · Lung reduction surgery,"Breathlessness at rest, cyanosis, or frequent exacerbations",severe
infectious gastroenteritis,"Gut infection by virus, bacteria or parasite causing vomiting and diarrhea.",ORS · BRAT diet · Rest · Probiotics · Avoid dairy temporarily,ORS · Antiemetics · Antidiarrheals · Antibiotics if bacterial,"Bloody stool, high fever, severe dehydration, or symptoms beyond 3 days",mild
acute sinusitis,Short-term sinus inflammation usually after cold causing facial pain and congestion.,Steam inhalation · Saline nasal rinse · Warm compress · Hydration · Rest,Decongestants · Analgesics · Nasal steroids · Antibiotics if bacterial,"Severe headache, vision changes, stiff neck, or symptoms beyond 10 days",mild
postpartum depression,Depression occurring after childbirth causing persistent sadness and withdrawal.,Social support · Rest · Therapy · Gentle exercise · Bonding activities,SSRIs · SNRIs · Psychotherapy · Support groups,Thoughts of harming self or baby — seek immediate help,severe
coronary atherosclerosis,Buildup of plaque in coronary arteries narrowing blood flow to the heart.,Heart-healthy diet · Regular exercise · Quit smoking · Stress management · Weight control,Statins · Aspirin · Beta blockers · ACE inhibitors · Angioplasty if severe,"Chest pain, breathlessness on exertion, or jaw or arm pain",severe
spondylitis,Inflammatory condition of the spine causing back pain and stiffness.,Posture exercises · Swimming · Heat therapy · Weight management · Anti-inflammatory diet,NSAIDs · DMARDs · Biologics (TNF inhibitors) · Physical therapy,"Increasing pain, loss of mobility, or eye inflammation",moderate
uterine fibroids,Noncancerous uterine muscle growths causing heavy periods and pelvic pain.,Iron-rich diet · Exercise · Green tea · Avoid red meat · Heat pad for cramps,Hormonal therapy · GnRH agonists · Tranexamic acid · Myomectomy,"Very heavy bleeding, severe pelvic pain, or difficulty urinating",moderate
vaginal yeast infection,"Fungal infection causing vaginal itching, discharge and discomfort.",Probiotic yogurt · Avoid tight clothing · Keep area dry · Cotton underwear,Topical antifungals · Oral fluconazole · Boric acid suppositories,"Recurring infections, pregnancy, or first-time diagnosis for confirmation",mild
atrial fibrillation,Irregular heart rhythm causing rapid disorganized electrical signals in atria.,Avoid alcohol and caffeine · Regular monitoring · Stress reduction · Regular exercise,Anticoagulants · Beta blockers · Calcium channel blockers · Cardioversion,"Chest pain, sudden breathlessness, dizziness, or stroke symptoms",severe
abdominal hernia,Protrusion of organ or tissue through abdominal wall causing visible bulge.,Avoid heavy lifting · Weight management · High fiber diet · Supportive belt,Pain relievers · Surgical repair (hernioplasty) — definitive treatment,"Sudden severe pain, redness over bulge, or inability to push hernia back",moderate
cerebral palsy,Group of permanent movement disorders from early brain development damage.,Physiotherapy · Occupational therapy · Assistive devices · Family support,Muscle relaxants · Anticonvulsants · Botulinum toxin · Orthotics,"Increasing spasticity, seizures, or regression in motor function",severe
obesity,Excessive body fat accumulation increasing risk of multiple chronic diseases.,Calorie deficit diet · Regular exercise · Reduce sugar · Mindful eating · Hydration,Orlistat · Metformin · GLP-1 agonists · Bariatric surgery if BMI above 40,BMI above 40 or obesity-related complications like diabetes or hypertension,moderate
indigestion,Discomfort in upper abdomen from poor digestion causing bloating and nausea.,Small frequent meals · Ginger tea · Avoid spicy foods · Sit upright after eating,Antacids · H2 blockers · PPIs · Prokinetics · Digestive enzymes,"Severe pain, vomiting blood, unexplained weight loss, or difficulty swallowing",mild
bursitis,Inflammation of fluid-filled sacs cushioning joints causing pain and swelling.,Rest · Ice pack · Elevation · Gentle stretching · Avoid repetitive movements,NSAIDs · Corticosteroid injections · Physical therapy · Antibiotics if infected,"Severe swelling, redness, fever, or no improvement after 2 weeks",mild
esophageal cancer,Malignant tumor of the esophagus causing progressive swallowing difficulty.,Seek specialist care immediately — nutritional support · Soft diet,Chemotherapy · Radiation · Surgery · Palliative care · Targeted therapy,Always requires immediate oncology specialist evaluation,severe
acute otitis media,"Middle ear infection causing ear pain, fever and hearing difficulty.",Warm compress on ear · Rest · Hydration · Nasal saline drops · Elevate head,Analgesics · Antibiotics · Decongestants · Ear drops,"Ear discharge, hearing loss, facial weakness, or no improvement after 48 hours",mild
deep vein thrombosis (dvt),"Blood clot in deep vein usually in leg causing swelling, pain and redness.",Elevate leg · Compression stockings · Stay active · Hydration · Avoid prolonged sitting,Anticoagulants · Thrombolytics (severe) · Compression therapy,Any suspected DVT — seek immediate care to prevent pulmonary embolism,severe
hypothyroidism,Underactive thyroid gland producing insufficient thyroid hormones.,Selenium-rich foods · Avoid raw goitrogens · Regular sleep · Stress management,Levothyroxine · T3 supplementation · Regular TSH monitoring,"Extreme fatigue, unexplained weight gain, or cold intolerance",moderate
primary insomnia,Persistent difficulty falling or staying asleep without an underlying medical cause.,Fixed sleep schedule · Dark cool room · No screens before bed · Relaxation techniques,Melatonin · Antihistamines (short term) · Zolpidem · CBT-I therapy,Insomnia lasting over 3 months or causing significant daytime impairment,mild
vitamin b12 deficiency,"Insufficient vitamin B12 causing fatigue, nerve damage and megaloblastic anemia.",Meat · Fish · Dairy · Eggs · Fortified cereals and nutritional yeast,Vitamin B12 injections · Oral cyanocobalamin · Sublingual B12,"Neurological symptoms like tingling, numbness, or balance problems",mild
diabetes,Chronic metabolic disorder where the body cannot regulate blood glucose properly.,Low sugar diet · Regular exercise · Bitter gourd juice · Fenugreek seeds · Monitor glucose,Metformin · Glimepiride · Insulin · DPP-4 inhibitors · SGLT2 inhibitors,Always consult a doctor — requires ongoing prescription management,moderate
endometriosis,Tissue similar to uterine lining grows outside uterus causing pain and infertility.,Heat pad · Anti-inflammatory diet · Exercise · Omega-3 rich foods · Rest during periods,NSAIDs · Hormonal contraceptives · GnRH agonists · Laparoscopy,"Severe pelvic pain, difficulty conceiving, or pain during intercourse",moderate
chronic kidney disease,Progressive loss of kidney function over months or years leading to renal failure.,Low protein diet · Low sodium · Adequate hydration · Avoid nephrotoxic drugs,ACE inhibitors · Diuretics · Phosphate binders · Erythropoietin · Dialysis,"Swelling, reduced urine output, or rapid deterioration in kidney function",severe
mononucleosis,"Viral infection from Epstein-Barr virus causing fatigue, sore throat and swollen glands.",Rest · Adequate hydration · Salt water gargle · Avoid contact sports,Analgesics · Antipyretics · Corticosteroids if severe · Supportive care,"Difficulty breathing, severe abdominal pain, or spleen rupture signs",moderate
bipolar disorder,Mental health condition causing extreme mood swings from mania to depression.,Regular sleep schedule · Avoid alcohol · Stress management · Support groups,Mood stabilizers · Antipsychotics · Antidepressants · Psychotherapy,"Manic episode, suicidal thoughts, or inability to function",severe
gastroesophageal reflux disease (gerd),Chronic condition where stomach acid flows back into esophagus causing heartburn.,Elevate head of bed · Small meals · Avoid late eating · No caffeine or alcohol,PPIs · H2 blockers · Antacids · Prokinetics · Alginate preparations,"Difficulty swallowing, chest pain, or unexplained weight loss",mild
scleroderma,Autoimmune disease causing hardening and tightening of skin and connective tissue.,Moisturize skin · Warm clothing · Physical therapy · Anti-inflammatory diet,Immunosuppressants · Vasodilators · PPIs · Physical therapy,"Rapid skin tightening, breathing difficulty, or kidney crisis",severe
myasthenia gravis,Autoimmune neuromuscular disease causing muscle weakness that worsens with activity.,Rest between activities · Avoid heat · Soft foods · Eye patch for double vision,Acetylcholinesterase inhibitors · Immunosuppressants · Plasmapheresis · IVIG,"Difficulty breathing, swallowing crisis, or rapid muscle weakness",severe
hypoglycemia,"Abnormally low blood glucose causing dizziness, sweating and confusion.",Immediate sugar intake — glucose tablets · Fruit juice · Candy · Honey,Glucose gel · Glucagon injection (severe) · IV dextrose,"Unconsciousness, seizure, or glucose below 50 mg/dL",severe
panic attack,Sudden episode of intense fear with physical symptoms like pounding heart.,Slow deep breathing · Grounding 5-4-3-2-1 technique · Cold water on face · Walk,Benzodiazepines (acute) · SSRIs (preventive) · Beta blockers · CBT,"Frequent attacks, associated chest pain, or complete avoidance of daily activities",moderate
plantar fasciitis,Inflammation of plantar fascia causing stabbing heel pain especially in morning.,Ice massage · Stretching exercises · Rest · Supportive footwear · Night splint,NSAIDs · Corticosteroid injections · Orthotics · Shockwave therapy,Severe pain preventing walking or no improvement after 3 months of treatment,mild
hiatal hernia,Part of stomach pushes up through diaphragm causing heartburn and regurgitation.,Small meals · Avoid lying down after eating · Weight loss · Elevate bed head,Antacids · PPIs · H2 blockers · Surgery if large or symptomatic,"Severe chest pain, difficulty swallowing, or vomiting blood",mild
meniere disease,"Inner ear disorder causing vertigo, tinnitus, hearing loss and ear fullness.",Low sodium diet · Avoid caffeine and alcohol · Stress management · Vestibular exercises,Diuretics · Antihistamines · Betahistine · Corticosteroids · Endolymphatic shunt,"Sudden severe vertigo, progressive hearing loss, or falls",moderate
anal fissure,Small tear in the lining of the anus causing pain and bleeding during bowel movements.,High fiber diet · Sitz bath · Plenty of fluids · Avoid straining · Aloe vera,Topical anesthetics · Calcium channel blockers · Botulinum toxin · Surgery,"Severe bleeding, pain not improving, or associated rectal mass",mild
allergy,Immune system overreaction to harmless substances causing various symptoms.,Identify and avoid triggers · HEPA filters · Saline nasal rinse · Local honey,Antihistamines · Corticosteroids · Decongestants · Immunotherapy,"Anaphylaxis, severe breathing difficulty, or uncontrolled symptoms",mild
lymphoma,"Cancer of lymphatic system causing swollen lymph nodes, fever and weight loss.",Seek specialist care immediately — nutritional support · Rest,Chemotherapy · Radiation · Immunotherapy · Stem cell transplant · Targeted therapy,Always requires immediate oncology evaluation,severe
parkinson disease,"Progressive neurological disorder causing tremors, stiffness and slow movements.",Regular exercise · Physical therapy · High fiber diet · Music therapy,Levodopa · Dopamine agonists · MAO-B inhibitors · Deep brain stimulation,"Rapid worsening, falls, swallowing difficulty, or cognitive decline",severe
gout,Painful inflammatory arthritis from uric acid crystal deposits in joints.,Low purine diet · Hydration · Avoid alcohol · Cherry juice · Elevate affected joint,NSAIDs · Colchicine · Allopurinol · Febuxostat · Corticosteroids,"Severe attack, kidney stones, or tophi formation",moderate
otitis media,"Middle ear infection causing ear pain, fluid buildup and hearing difficulty.",Warm compress · Rest · Hydration · Nasal decongestant · Breastfeed infants,Analgesics · Antibiotics · Decongestants · Myringotomy if persistent,"Ear discharge, mastoid swelling, facial weakness, or prolonged symptoms",mild
acute kidney injury,"Sudden loss of kidney function from injury, illness or medication causing toxin buildup.",Stay hydrated · Avoid nephrotoxic drugs · Monitor urine output,IV fluids · Diuretics · Electrolyte correction · Dialysis if severe,"Reduced urine output, swelling, confusion, or known kidney disease",severe
gum disease,"Bacterial infection of gums causing inflammation, bleeding and tooth loss.",Salt water rinse · Oil pulling · Proper brushing · Flossing · Green tea,Antibiotics · Antiseptic mouthwash · Scaling · Surgical periodontal treatment,"Loose teeth, severe bleeding, or abscess formation",mild
tension headache,Most common headache type causing mild to moderate pressing pain around head.,Rest in quiet dark room · Cold or warm compress · Massage temples · Hydration,Paracetamol · Ibuprofen · Aspirin · Amitriptyline (preventive),"Headache with fever, stiff neck, vision changes, or worst headache of life",mild
narcolepsy,Chronic sleep disorder causing overwhelming daytime drowsiness and sudden sleep attacks.,Regular sleep schedule · Short scheduled naps · Avoid alcohol · Safety precautions,Modafinil · Amphetamines · Sodium oxybate · Antidepressants,"Sudden muscle weakness (cataplexy), sleep paralysis, or driving impairment",moderate
food allergy,Immune reaction to specific foods ranging from hives to life-threatening anaphylaxis.,Identify and strictly avoid trigger food · Read all food labels · Carry epinephrine,Antihistamines · Corticosteroids · Epinephrine auto-injector (anaphylaxis),"Throat swelling, difficulty breathing, or anaphylaxis — call emergency",moderate
labyrinthitis,"Inner ear inflammation causing severe vertigo, nausea and hearing loss.",Rest · Avoid sudden movements · Hydration · Avoid bright screens · Ginger for nausea,Antihistamines · Corticosteroids · Antiemetics · Vestibular suppressants,"Sudden hearing loss, severe vertigo lasting days, or neurological symptoms",moderate
anxiety,Persistent excessive worry and fear interfering with daily activities.,Deep breathing · Meditation · Regular exercise · Limit caffeine · Journaling · Therapy,SSRIs · SNRIs · Buspirone · Benzodiazepines (short term) · Beta blockers,"Panic attacks, inability to function, or thoughts of self-harm",moderate
leukemia,Cancer of blood-forming tissues causing abnormal white blood cell production.,Seek specialist care immediately — nutritional support · Infection prevention,Chemotherapy · Targeted therapy · Immunotherapy · Stem cell transplant,Always requires immediate oncology evaluation,severe
bell palsy,Sudden one-sided facial muscle weakness from facial nerve dysfunction.,Eye drops for dry eye · Eye patch at night · Gentle facial massage · Warmth,Corticosteroids · Antiviral medications · Eye lubricants · Physiotherapy,"Complete paralysis, no recovery after 3 weeks, or associated hearing loss",moderate
drug reaction,"Adverse response to medication causing skin rash, fever or organ damage.",Stop suspected medication with doctor guidance · Stay hydrated · Cool baths for rash,Antihistamines · Corticosteroids · Epinephrine (anaphylaxis) · Supportive care,"Difficulty breathing, throat swelling, blistering rash, or organ involvement",moderate
osteoarthritis,Degenerative joint disease from cartilage breakdown causing pain and stiffness.,Low-impact exercise · Weight loss · Hot or cold therapy · Glucosamine supplements,NSAIDs · Analgesics · Topical diclofenac · Intra-articular steroids,"Severe pain limiting movement, joint instability, or rapid progression",moderate
thyroid disease,Disorder of thyroid gland function causing metabolic disturbances.,Iodine-rich diet · Avoid excessive soy · Selenium foods · Regular monitoring,Levothyroxine · Antithyroid drugs · Radioactive iodine · Surgery,"Rapid heart rate, extreme fatigue, large goiter, or thyroid storm",moderate
pharyngitis,Inflammation of the pharynx causing sore throat and swallowing difficulty.,Warm salt water gargle · Honey ginger tea · Rest · Steam inhalation,Analgesics · Antibiotics if bacterial · Antiseptic gargles · Throat lozenges,"High fever, severe pain, rash, or symptoms beyond 7 days",mild
hypocalcemia,"Low blood calcium causing muscle cramps, numbness and heart rhythm problems.",Dairy products · Leafy greens · Calcium-fortified foods · Vitamin D sunlight,Calcium supplements · Vitamin D · IV calcium (severe) · Magnesium,"Muscle spasms, seizures, or abnormal heart rhythm",moderate
macular degeneration,Progressive damage to central retina causing central vision loss.,Leafy green vegetables · Omega-3 foods · Antioxidant supplements · Quit smoking,Anti-VEGF injections · Vitamins C E zinc lutein · Laser treatment,Any sudden change in central vision — urgent ophthalmology review,severe
pneumonia,Lung infection causing air sac inflammation with fluid and difficulty breathing.,Rest · Plenty of fluids · Steam inhalation · Turmeric milk · Elevated head position,Antibiotics · Antipyretics · Expectorants · Bronchodilators · Oxygen therapy,"Oxygen below 94%, high persistent fever, or inability to maintain hydration",severe
cold sore,Herpes simplex virus infection causing painful blisters around the lips.,Ice pack · Aloe vera · Lemon balm · Avoid touching sores · Sunscreen on lips,Topical acyclovir · Oral antivirals · Lysine supplements · Pain relief cream,"Frequent outbreaks, eye involvement, or immunocompromised state",mild
breast cancer,Malignant tumor developing in breast tissue requiring immediate specialist care.,Seek specialist care immediately — healthy diet · Regular exercise · Support groups,Surgery · Chemotherapy · Radiation · Hormone therapy · Targeted therapy,Always requires immediate oncology specialist evaluation,severe
cystic fibrosis,Inherited disorder causing thick mucus buildup in lungs and digestive system.,Chest physiotherapy · Adequate hydration · High calorie diet · Exercise,Mucolytics · Bronchodilators · Pancreatic enzymes · CFTR modulators · Antibiotics,"Respiratory exacerbation, weight loss, or reduced lung function",severe
temporal mandibular joint disorder,"Jaw joint dysfunction causing pain, clicking and limited mouth opening.",Soft diet · Warm compress · Jaw exercises · Avoid teeth clenching · Stress reduction,NSAIDs · Muscle relaxants · Occlusal splint · Botulinum toxin · Physiotherapy,"Locking jaw, severe pain, or difficulty eating",mild
gonorrhea,Sexually transmitted bacterial infection causing genital discharge and pain.,Safe sex · Partner treatment · Hydration · Avoid sexual activity until treated,Ceftriaxone injection · Azithromycin · Doxycycline · Partner treatment mandatory,Always requires prescription treatment and partner notification,moderate
ectopic pregnancy,Fertilized egg implants outside uterus — a medical emergency.,Seek emergency care immediately,Methotrexate · Surgical removal — emergency intervention,Immediately — ectopic pregnancy can be fatal without treatment,severe
carpal tunnel syndrome,Compression of median nerve at wrist causing hand numbness and weakness.,Wrist splint · Rest · Ice · Ergonomic keyboard · Wrist stretches,NSAIDs · Corticosteroid injections · Carpal tunnel release surgery,"Constant numbness, thenar muscle wasting, or grip weakness",mild
kidney stone,Hard mineral deposits in kidneys causing severe colicky flank pain.,Drink 3 litres water daily · Lemon juice · Avoid oxalate rich foods · Low sodium diet,NSAIDs · Alpha blockers · Lithotripsy · Ureteroscopy for large stones,"Pain uncontrolled, fever with pain, or complete inability to urinate",severe
autism,"Neurodevelopmental condition affecting communication, behavior and social interaction.",Structured routine · Sensory-friendly environment · ABA therapy · Social skills training,Risperidone · Aripiprazole · Melatonin · SSRIs · Speech and occupational therapy,"Regression in skills, self-harm, or safety concerns",moderate
aplastic anemia,Bone marrow failure causing severely reduced production of all blood cells.,Infection prevention · Avoid bleeding risks · Nutritional support · Rest,Immunosuppressants · Growth factors · Bone marrow transplant · Transfusions,Always requires immediate hematology specialist care,severe
syphilis,Sexually transmitted bacterial infection causing staged disease affecting multiple organs.,Safe sex · Avoid sexual contact until treated · Partner notification,Penicillin G · Doxycycline · Azithromycin · Partner treatment,Any suspected syphilis requires immediate testing and treatment,severe
drug withdrawal,Physical and psychological symptoms from stopping addictive substances.,Gradual tapering · Hydration · Nutritional support · Support groups · Therapy,Methadone · Buprenorphine · Clonidine · Benzodiazepines · Naltrexone,"Seizures, severe agitation, hallucinations, or cardiac symptoms",severe
hypercholesterolemia,Elevated blood cholesterol levels increasing risk of heart disease.,Low saturated fat diet · Regular exercise · Avoid trans fats · Increase fiber · Omega-3,Statins · Ezetimibe · PCSK9 inhibitors · Bile acid sequestrants · Fibrates,"Chest pain, known heart disease, or very high cholesterol above 300",moderate
kidney failure,Complete loss of kidney function requiring dialysis or transplant.,Strict fluid restriction · Low potassium and phosphorus diet · Salt restriction,Dialysis · Erythropoietin · Phosphate binders · Kidney transplant,Always requires immediate nephrologist care,severe
muscle spasm,Sudden involuntary contraction of muscle causing pain and tightness.,Gentle stretching · Heat or ice · Massage · Hydration · Magnesium-rich foods,Muscle relaxants · NSAIDs · Topical analgesics · Magnesium supplements,"Severe persistent spasms, associated weakness, or after injury",mild
hemophilia,Inherited bleeding disorder from deficient clotting factors causing prolonged bleeding.,Avoid aspirin and NSAIDs · Protective gear · First aid for cuts · Medic alert bracelet,Factor replacement therapy · Desmopressin · Antifibrinolytics · Gene therapy,"Any significant bleeding, head injury, or joint hemorrhage",severe
peritonsillar abscess,Collection of pus near tonsil causing severe sore throat and difficulty opening mouth.,Salt water gargle · Cold fluids · Rest · Analgesics,Antibiotics · Needle aspiration · Surgical drainage · Tonsillectomy,"Difficulty breathing, severe drooling, or muffled voice",severe
gastroparesis,"Delayed stomach emptying causing nausea, vomiting and feeling full quickly.",Small frequent low-fat meals · Avoid high fiber · Liquid nutrition · Walk after meals,Prokinetics · Antiemetics · Domperidone · Gastric electrical stimulation,"Severe vomiting, significant weight loss, or blood sugar instability",moderate
thrombocytopenia,"Low platelet count causing easy bruising, petechiae and bleeding risk.",Avoid aspirin and NSAIDs · Protective measures · Soft toothbrush · Soft foods,Corticosteroids · IVIG · Rituximab · Platelet transfusion · Splenectomy,"Active bleeding, platelet count below 20000, or head injury",severe
goiter,Abnormal enlargement of thyroid gland causing visible neck swelling.,Adequate iodine intake · Selenium-rich foods · Avoid excessive soy · Monitor thyroid,Levothyroxine · Antithyroid drugs · Radioactive iodine · Surgical thyroidectomy,"Difficulty swallowing, breathing problems, or rapidly growing goiter",moderate
muscular dystrophy,Genetic diseases causing progressive muscle weakness and degeneration.,Physical therapy · Assistive devices · Respiratory support · Nutritional care,Corticosteroids · Exon-skipping therapy · Respiratory support · Physiotherapy,"Respiratory difficulty, swallowing problems, or rapid motor decline",severe
scarlet fever,Bacterial infection with strep throat and characteristic red rash.,Rest · Cool fluids · Oatmeal bath for rash · Salt water gargle,Antibiotics (penicillin or amoxicillin) · Antipyretics · Analgesics,"Difficulty breathing, rash spreading, or kidney complications",moderate
polycystic ovarian syndrome (pcos),"Hormonal disorder causing irregular periods, excess androgens and polycystic ovaries.",Low glycemic diet · Regular exercise · Weight management · Spearmint tea · Cinnamon,Combined oral contraceptives · Metformin · Spironolactone · Clomiphene,"Severe period problems, difficulty conceiving, or signs of diabetes",moderate
encephalitis,Inflammation of the brain usually from viral infection causing confusion and seizures.,Seek emergency care immediately,Antiviral medications · Corticosteroids · Anticonvulsants · ICU supportive care,Immediately — encephalitis is a life-threatening medical emergency,severe
optic neuritis,Inflammation of optic nerve causing pain and temporary vision loss.,Rest · Avoid overheating · Reduce stress · Monitor vision,IV methylprednisolone · Oral steroids · Disease-modifying therapy if MS-related,Any sudden vision loss or eye pain — urgent ophthalmology evaluation,severe
alcohol withdrawal,Dangerous syndrome from stopping heavy alcohol use causing tremors and seizures.,Medical supervision required · Hydration · Nutritional support · Safe environment,Benzodiazepines · Thiamine · Anticonvulsants · Clonidine · Naltrexone,"Seizures, hallucinations, or severe confusion — medical emergency",severe
hemiplegia,Paralysis affecting one entire side of the body from brain or spinal injury.,Physiotherapy · Occupational therapy · Speech therapy · Assistive devices,Anticoagulants · Antispasticity drugs · Botulinum toxin · Rehabilitation,"Worsening paralysis, swallowing difficulty, or pressure sore infection",severe
meningioma,Usually benign tumor arising from meninges surrounding brain and spinal cord.,Regular monitoring as per specialist · Manage headache · Seizure precautions,Observation · Corticosteroids · Surgical resection · Stereotactic radiosurgery,"Worsening headaches, new seizures, or progressive neurological symptoms",severe
brain cancer,"Malignant tumor in brain tissue causing headaches, seizures and neurological deficits.",Seek specialist care immediately — nutritional support · Seizure safety,Surgery · Radiation · Chemotherapy · Targeted therapy · Palliative care,Always requires immediate neuro-oncology evaluation,severe
seasonal allergies (hay fever),"Allergic reaction to pollen causing sneezing, runny nose and itchy eyes.",Avoid peak pollen times · Air purifier · Saline nasal rinse · Local honey · Shower after outdoors,Antihistamines · Nasal corticosteroids · Decongestants · Immunotherapy,Symptoms not controlled with OTC medications or associated with asthma,mild
lung cancer,"Malignant tumor in lung tissue causing cough, weight loss and breathing problems.",Seek specialist care immediately — nutritional support · Quit smoking,Surgery · Chemotherapy · Radiation · Targeted therapy · Immunotherapy,Always requires immediate pulmonology or oncology evaluation,severe
psoriasis,Autoimmune skin condition causing rapid skin cell buildup forming red scaly patches.,Moisturize regularly · Sunlight exposure · Stress management · Aloe vera · Dead sea salt bath,Topical steroids · Vitamin D analogs · Methotrexate · Biologics · Cyclosporine,"Joint involvement, large body surface area, or rapid worsening",moderate
dislocation of the shoulder,Shoulder ball pops out of socket causing severe pain and deformity.,Immobilize arm in sling · Ice pack · Seek immediate care for reduction,Analgesics · Muscle relaxants · Closed reduction · Physical therapy · Surgery,Any suspected dislocation requires immediate medical reduction,moderate
osteoporosis,Reduced bone density increasing fracture risk especially in hips and spine.,Weight-bearing exercise · Calcium-rich diet · Vitamin D · Quit smoking · Avoid alcohol,Bisphosphonates · Denosumab · Teriparatide · Calcium and vitamin D supplements,"Fracture with minimal trauma, severe back pain, or height loss",moderate
sickle cell crisis,Painful vaso-occlusive episode from sickle cell anemia causing severe bone pain.,Hydration · Warmth · Gentle exercise · Avoid cold and dehydration · Folic acid,Analgesics · IV fluids · Hydroxyurea · Blood transfusion · Oxygen therapy,"Severe pain uncontrolled at home, fever, or breathing difficulty",severe
prostatitis,Inflammation of the prostate gland causing pelvic pain and urinary symptoms.,Warm sitz bath · Avoid caffeine and alcohol · Plenty of fluids · Avoid long sitting,Antibiotics · Alpha blockers · NSAIDs · Muscle relaxants · Prostate massage,"Fever with urinary symptoms, inability to urinate, or severe pain",moderate
vitamin d deficiency,"Insufficient vitamin D causing bone pain, muscle weakness and immune dysfunction.",Sunlight 15-30 minutes daily · Fortified foods · Fatty fish · Eggs · Mushrooms,Vitamin D3 supplements · Calcium supplements · Multivitamins · Weekly high-dose D3,"Severe bone pain, stress fractures, or blood level below 10 ng/mL",mild
tuberculosis,Serious airborne bacterial lung infection requiring 6-month treatment.,Adequate nutrition · Ventilate living spaces · Sunlight · DOTS compliance · Mask use,Rifampicin · Isoniazid · Pyrazinamide · Ethambutol — 6-month DOTS regimen,Always — TB requires mandatory supervised prescription treatment,severe
acute bronchitis,Short-term bronchial tube inflammation usually from infection causing cough.,Rest · Steam inhalation · Honey lemon tea · Hydration · Elevate head during sleep,Bronchodilators · Expectorants · Cough suppressants · Antibiotics only if bacterial,"Fever above 38.5°C, breathlessness, or cough lasting beyond 3 weeks",mild
myocarditis,Inflammation of heart muscle usually from viral infection causing chest pain.,Strict rest · Avoid strenuous activity · Heart-healthy diet · Regular monitoring,Diuretics · ACE inhibitors · Beta blockers · IVIG · Immunosuppressants,"Chest pain, breathlessness at rest, fainting, or irregular heartbeat",severe
preeclampsia,Pregnancy complication with high blood pressure and organ damage.,Rest · Low salt diet · Monitor blood pressure at home · Regular antenatal visits,Antihypertensives · Magnesium sulfate · Corticosteroids · Delivery of baby,"Severe headache, vision changes, or swelling during pregnancy — emergency",severe
ischemic heart disease,Reduced blood flow to heart muscle from coronary artery narrowing.,Heart-healthy diet · Regular exercise · Quit smoking · Stress management,Aspirin · Statins · Beta blockers · Nitrates · ACE inhibitors · Angioplasty,"Chest pain on exertion, breathlessness, or jaw and arm pain",severe
chickenpox,Highly contagious viral infection causing itchy blister rash and fever.,Oatmeal bath · Calamine lotion · Trim nails · Neem leaves · Cool compress,Antihistamines · Paracetamol · Acyclovir for high-risk cases · Calamine lotion,"Bacterial skin infection, high persistent fever, breathing difficulty, or immunocompromised",mild
croup,Viral respiratory infection causing barking cough and breathing difficulty in children.,Cool mist humidifier · Calm child · Cool night air · Upright position · Hydration,Dexamethasone · Nebulized epinephrine · Oxygen · Supportive care,"Stridor at rest, severe breathing difficulty, or cyanosis",moderate
lyme disease,Tick-borne bacterial infection causing rash and flu-like illness.,Remove tick promptly · Rest · Stay hydrated · Monitor for bull's eye rash · Tick prevention,Doxycycline · Amoxicillin · Cefuroxime — all require prescription,"Bull's eye rash, joint pain, neurological symptoms, or heart problems",moderate
acne,"Skin condition causing pimples, blackheads and whiteheads from clogged pores.",Gentle face wash · Non-comedogenic moisturizer · Avoid touching face · Tea tree oil,Benzoyl peroxide · Salicylic acid · Retinoids · Antibiotics for moderate-severe,"Severe cystic acne, scarring, or no response to OTC treatment",mild
depression,"Persistent low mood, loss of interest and energy affecting daily functioning.",Regular exercise · Social support · Sunlight exposure · Sleep hygiene · Therapy,SSRIs · SNRIs · Tricyclics · Bupropion · Mirtazapine,Suicidal ideation or complete inability to function,moderate
irritable bowel syndrome,"Functional bowel disorder causing abdominal pain, bloating and altered stools.",High fiber diet · Stress management · Regular meals · Peppermint tea · Probiotics,Antispasmodics · Laxatives · Loperamide · Low-dose antidepressants · Rifaximin,"Blood in stool, weight loss, or symptoms starting after age 50",mild
ovarian cyst,Fluid-filled sac on ovary causing pelvic pain or discovered incidentally.,Heat pad for pain · Hydration · Regular monitoring · Low impact exercise,NSAIDs · Hormonal contraceptives · Surgical cystectomy for large or complex cysts,"Sudden severe pelvic pain, fever, vomiting, or cyst rupture signs",mild
chlamydia,Most common bacterial STI causing genital discharge and burning urination.,Safe sex · Avoid sexual contact until treated · Partner notification and treatment,Azithromycin · Doxycycline · Partner treatment mandatory,Always requires prescription treatment and sexual partner notification,moderate
rheumatoid arthritis,Chronic autoimmune disease causing symmetric joint inflammation and deformity.,Warm compresses · Gentle exercise · Fish oil · Turmeric · Weight management,DMARDs · NSAIDs · Corticosteroids · Biologics (TNF inhibitors) · JAK inhibitors,"Sudden joint swelling, fever, or rapid loss of joint function",moderate
impetigo,Highly contagious bacterial skin infection causing honey-colored crusted sores.,Keep area clean · Dilute bleach soaks · Separate towels and linens · Trim nails,Topical mupirocin · Oral antibiotics · Antiseptic wash · Proper wound care,"Spreading infection, fever, or involvement of large areas",mild
migraine,"Severe recurrent headache with nausea, vomiting and light sensitivity.",Dark quiet room · Cold pack · Peppermint oil on temples · Hydration,Triptans · NSAIDs · Antiemetics · Ergotamines · Preventive beta blockers,"Headache lasting over 72 hours, vision loss, or worst headache ever",moderate
gestational diabetes,Diabetes developing during pregnancy affecting mother and baby health.,Low glycemic diet · Regular walking · Monitor blood sugar · Adequate sleep,Metformin · Insulin · Dietary management · Regular monitoring,Always requires obstetric and endocrinology management during pregnancy,moderate
multiple myeloma,Cancer of plasma cells in bone marrow causing bone pain and immune weakness.,Seek specialist care immediately — infection prevention · Adequate nutrition,Bortezomib · Thalidomide · Lenalidomide · Stem cell transplant · Bisphosphonates,Always requires immediate hematology oncology specialist care,severe
malaria,"Mosquito-borne parasitic infection causing cyclical fever, chills and sweats.",Rest · ORS · Cool compresses for fever · Mosquito net and repellent,Artemisinin combination therapy · Chloroquine · Primaquine · Quinine,Immediately — malaria requires prescription antimalarials,severe
schizophrenia,"Serious mental disorder causing hallucinations, delusions and disorganized thinking.",Regular routine · Family support · Avoid drugs and alcohol · Safe environment,Atypical antipsychotics · Typical antipsychotics · Mood stabilizers · Clozapine,"Acute psychosis, self-harm risk, or inability to care for self",severe
endocarditis,Infection of heart valve lining by bacteria causing fever and heart murmur.,Seek emergency care immediately — hospital treatment required,IV antibiotics · Surgical valve replacement · Prolonged antibiotic course,Always requires immediate hospitalization and cardiac evaluation,severe
sepsis,Life-threatening systemic response to infection causing multi-organ dysfunction.,Seek emergency care immediately,IV antibiotics · IV fluids · Vasopressors · Oxygen · ICU supportive care,Immediately — sepsis is a life-threatening medical emergency,severe
heat stroke,Severe heat illness with core temperature above 40°C causing organ damage.,Move to cool area immediately · Remove clothing · Cool wet cloths · Ice packs to groin,IV fluids · Cooling measures · Oxygen · ICU monitoring · Anti-seizure if needed,Any suspected heat stroke — call emergency services immediately,severe
cholecystitis,Gallbladder inflammation usually from gallstones causing severe right upper abdominal pain.,Nil by mouth · Rest · Hydration · Low fat diet on recovery,Antibiotics · Analgesics · IV fluids · Laparoscopic cholecystectomy,"Severe abdominal pain, fever, jaundice, or rigid abdomen",severe
cardiac arrest,Sudden loss of heart function requiring immediate CPR and defibrillation.,Seek emergency care immediately — call 112 · Start CPR immediately,CPR · Defibrillation · Epinephrine · Amiodarone · ICU post-arrest care,Immediately — cardiac arrest is fatal without immediate intervention,severe
cardiomyopathy,Disease of heart muscle causing reduced pumping function and heart failure.,Low sodium diet · Fluid restriction · Avoid alcohol · Regular monitoring,ACE inhibitors · Beta blockers · Diuretics · ICD · Heart transplant if severe,"Breathlessness at rest, ankle swelling, or fainting",severe
meningitis,Inflammation of membranes surrounding brain and spinal cord often from infection.,Seek emergency care immediately,IV antibiotics · Antiviral medications · Corticosteroids · ICU supportive care,Immediately — meningitis is a life-threatening emergency requiring hospitalization,severe
raynaud disease,Exaggerated vascular response to cold or stress causing finger color changes.,Warm gloves · Avoid cold exposure · Quit smoking · Stress management · Exercise,Calcium channel blockers · Vasodilators · Aspirin · Topical nitrates,"Skin ulcers, digital gangrene, or associated autoimmune disease",mild
scabies,Skin infestation by mites causing intense itching especially at night.,Wash all clothing and bedding in hot water · Treat all household members · Vacuum furniture,Permethrin cream · Ivermectin · Antihistamines for itch · Antibiotics if secondary infection,If entire household affected or secondary bacterial infection develops,mild
high blood pressure,Persistently elevated blood pressure increasing risk of heart disease and stroke.,Low sodium diet · Regular exercise · Stress reduction · Reduce alcohol · DASH diet,ACE inhibitors · ARBs · Calcium channel blockers · Diuretics · Beta blockers,BP consistently above 160/100 or sudden severe headache with vision changes,moderate
pelvic inflammatory disease,Infection of female reproductive organs causing pelvic pain and discharge.,Rest · Hydration · Complete full antibiotic course · Avoid intercourse during treatment,Antibiotics (combination) · Analgesics · Partner treatment · Hospitalization if severe,"Fever, severe pain, vomiting, or suspected abscess",moderate
liver disease,Broad term for conditions causing liver damage and impaired liver function.,Avoid alcohol completely · Low fat diet · Adequate protein · Avoid hepatotoxic drugs,Depends on cause — antivirals · Corticosteroids · Diuretics · Liver transplant,"Jaundice, swollen abdomen, confusion, or vomiting blood",severe
chronic constipation,Infrequent difficult bowel movements persisting for more than 3 months.,High fiber diet · Plenty of water · Regular exercise · Prune juice · Respond to urge promptly,Laxatives · Stool softeners · Osmotic agents · Prokinetics · Biofeedback therapy,"Blood in stool, weight loss, new onset after age 50, or severe abdominal pain",mild
thyroid cancer,Malignant tumor of thyroid gland usually presenting as painless neck lump.,Seek specialist care immediately — regular monitoring after treatment,Surgical thyroidectomy · Radioactive iodine · Levothyroxine · External radiation,Always requires immediate endocrinology and oncology specialist evaluation,severe
flu,"Contagious viral respiratory infection causing fever, body aches and fatigue.",Rest · Hydration · Steam inhalation · Ginger tea · Honey lemon water,Paracetamol · Oseltamivir · Decongestants · Antihistamines,"Fever lasting more than 3 days, breathing difficulty, or severe weakness",mild
sprain or strain,Injury to ligament or muscle from overstretching causing pain and swelling.,RICE — Rest Ice Compress Elevate · Gentle movement after 48 hours · Turmeric paste,NSAIDs · Topical analgesics · Muscle relaxants · Physiotherapy,"Severe pain, inability to bear weight, or suspected fracture",mild
appendicitis,Inflammation of appendix causing severe right lower abdominal pain — emergency.,Seek emergency care immediately — do not use home remedies,IV antibiotics · Surgical appendectomy — emergency procedure,Any suspicion of appendicitis is a medical emergency,severe
graves disease,"Autoimmune hyperthyroidism causing enlarged thyroid, rapid heartbeat and eye problems.",Avoid iodine-rich foods · Stress management · Regular monitoring · Selenium foods,Antithyroid drugs · Beta blockers · Radioactive iodine · Thyroidectomy,"Thyroid storm, severe eye disease, or uncontrolled hyperthyroidism",severe
pregnancy,Normal physiological state of carrying developing fetus requiring regular monitoring.,Folic acid · Regular antenatal visits · Adequate nutrition · Rest · Exercise as tolerated,Folic acid · Iron · Calcium · Prenatal vitamins · Treat complications as needed,"Heavy bleeding, severe pain, reduced fetal movement, or hypertension",mild
septic arthritis,"Joint infection causing severe pain, swelling, warmth and fever.",Seek emergency care immediately — joint drainage required,IV antibiotics · Surgical joint washout · Analgesics · Physiotherapy after resolution,Immediately — septic arthritis can permanently destroy joint without treatment,severe
urinary tract infection,"Bacterial infection causing burning urination, frequency and pelvic discomfort.",Cranberry juice · Increased water intake · Avoid irritants · Heat pad on abdomen,Antibiotics · Urinary alkalizers · Analgesics · Probiotics during treatment,"Fever with chills, back pain, or symptoms persisting beyond 3 days",moderate
scoliosis,Lateral curvature of spine causing uneven shoulders and waist.,Posture awareness · Back strengthening exercises · Swimming · Regular monitoring,Bracing · Physical therapy · Surgical spinal fusion for severe curves,"Rapid curve progression, back pain, breathing difficulty, or neurological symptoms",moderate
epilepsy,Neurological disorder causing recurrent unprovoked seizures from abnormal brain activity.,Regular sleep · Avoid alcohol and flashing lights · Stress management · Seizure diary,Valproate · Levetiracetam · Lamotrigine · Phenytoin · Carbamazepine,"Seizure lasting over 5 minutes, injury, or new onset seizures",severe
prostate cancer,Malignant tumor of prostate gland often slow growing but potentially aggressive.,Seek specialist care immediately — healthy diet · Regular monitoring of PSA,Surgery (prostatectomy) · Radiation · Hormone therapy · Chemotherapy · Immunotherapy,Always requires immediate urology oncology specialist evaluation,severe
chronic pancreatitis,Long-term pancreatic inflammation causing persistent pain and malabsorption.,Avoid alcohol completely · Low fat diet · Small frequent meals · Adequate hydration,Pancreatic enzyme supplements · Analgesics · Fat-soluble vitamins · Insulin if needed,"Severe pain, weight loss, diabetes onset, or suspected pancreatic cancer",severe
burn,"Tissue damage from heat, chemicals or radiation requiring wound care.",Cool running water for 20 minutes · Cover with clean cloth · Do not use ice or butter,Analgesics · Topical silver sulfadiazine · Antibiotics · IV fluids · Skin grafting,"Burns larger than palm, facial burns, electrical burns, or chemical burns",moderate
genital herpes,Sexually transmitted viral infection causing painful genital blisters.,Warm sitz bath · Loose clothing · Avoid sexual contact during outbreak · Stress management,Acyclovir · Valacyclovir · Famciclovir · Suppressive therapy for frequent outbreaks,"Frequent recurrences, complications in pregnancy, or severe first episode",moderate
gallstone,Hard deposits in gallbladder causing severe right upper abdominal pain after meals.,Low fat diet · Maintain healthy weight · Stay hydrated · Avoid crash dieting,Analgesics · Antispasmodics · Ursodeoxycholic acid · Laparoscopic cholecystectomy,"Severe pain, fever, jaundice, or persistent nausea and vomiting",moderate
multiple sclerosis,Autoimmune disease damaging myelin in CNS causing variable neurological symptoms.,Regular exercise · Vitamin D · Avoid overheating · Stress management · Adequate sleep,Interferon beta · Glatiramer · Natalizumab · Ocrelizumab · Corticosteroids for relapses,"New neurological symptoms, vision loss, or significant disability progression",severe
hyperlipidemia,Elevated blood fats including cholesterol and triglycerides increasing cardiovascular risk.,Low saturated fat diet · Regular exercise · Reduce sugar · Omega-3 foods · Quit smoking,Statins · Fibrates · Omega-3 supplements · Ezetimibe · PCSK9 inhibitors,"Cardiovascular symptoms, pancreatitis risk, or very high triglycerides above 500",moderate
ulcerative colitis,Chronic inflammatory bowel disease causing ulcers in colon and rectum.,Low residue diet during flare · Stress management · Probiotics · Adequate hydration,Aminosalicylates · Corticosteroids · Immunomodulators · Biologics · Surgery,"Blood in stool, severe abdominal pain, fever, or significant weight loss",moderate
angina,Chest pain from reduced coronary blood flow during physical or emotional stress.,Rest immediately · Nitrate under tongue · Cardiac rehabilitation · Heart-healthy diet,Nitrates · Beta blockers · Calcium channel blockers · Aspirin · Revascularization,"Chest pain at rest, prolonged pain, or associated with sweating and nausea",severe
colorectal cancer,Malignant tumor of colon or rectum requiring specialist oncology care.,Seek specialist care immediately — high fiber diet · Regular colonoscopy screening,Surgery · Chemotherapy · Radiation · Targeted therapy · Immunotherapy,Always requires immediate gastroenterology and oncology evaluation,severe
diabetic ketoacidosis,Life-threatening complication of diabetes with very high blood sugar and ketones.,Seek emergency care immediately — do not attempt home management,IV insulin · IV fluids · Potassium replacement · Bicarbonate · ICU monitoring,Immediately — DKA is a life-threatening diabetic emergency,severe
obsessive compulsive disorder (ocd),Mental disorder causing unwanted obsessive thoughts and repetitive compulsive behaviors.,Mindfulness · Delay compulsions · Exposure practice · Regular exercise · Support groups,SSRIs · Clomipramine · CBT with ERP · Augmentation with antipsychotics,Obsessions and compulsions taking more than 1 hour daily or causing severe distress,moderate
hyponatremia,"Low blood sodium causing nausea, headache, confusion and seizures.",Fluid restriction · Salt-containing foods · Seek medical assessment,Hypertonic saline (severe) · Salt tablets · Treat underlying cause · Fluid restriction,"Confusion, seizures, or sodium below 125 mEq/L — emergency treatment needed",severe
bone disorder,"General term for conditions affecting bone density, structure or metabolism.",Weight-bearing exercise · Calcium and vitamin D · Avoid smoking · Fall prevention,Bisphosphonates · Denosumab · Calcium supplements · Vitamin D · Teriparatide,"Fracture with minimal trauma, bone pain at rest, or rapid bone loss",moderate
personality disorder,Enduring patterns of thinking and behavior causing distress and relationship difficulties.,Structured routine · Dialectical behavior therapy · Mindfulness · Social skills training,Mood stabilizers · Antidepressants · Antipsychotics · Psychotherapy,"Self-harm, suicidal ideation, or inability to maintain daily functioning",moderate
shingles (herpes zoster),Reactivation of chickenpox virus causing painful unilateral rash and nerve pain.,Cool compresses · Calamine lotion · Loose clothing · Rest · Avoid scratching,Antiviral medications · Analgesics · Gabapentin · Corticosteroids · Capsaicin cream,"Eye involvement, severe pain, widespread rash, or immunocompromised state",moderate
strep throat,"Bacterial throat infection causing severe sore throat, fever and swollen lymph nodes.",Salt water gargle · Honey lemon tea · Cold fluids · Rest · Throat lozenges,Penicillin · Amoxicillin · Azithromycin · Analgesics · Antipyretics,"No improvement after 48 hours of antibiotics, rash, or difficulty breathing",mild
osteomyelitis,"Bone infection usually bacterial causing severe bone pain, fever and swelling.",Seek medical care promptly · Rest affected limb · Wound care if open,IV antibiotics · Surgical debridement · Hyperbaric oxygen · Bone grafting,"Fever with bone pain, chronic non-healing wound, or diabetic foot infection",severe
viral hepatitis,Liver inflammation from hepatitis viruses causing jaundice and liver dysfunction.,Rest · Avoid alcohol · Nutritious diet · Hydration · Avoid hepatotoxic medications,Antivirals (Hep B and C) · Interferons · Supportive care · Liver transplant if severe,"Jaundice, confusion, bleeding tendency, or known contact with hepatitis case",moderate
gastritis,"Inflammation of stomach lining causing pain, nausea and indigestion.",Small frequent meals · Avoid spicy foods · Ginger tea · Aloe vera juice · No alcohol,Antacids · PPIs · H2 blockers · Antibiotics if H. pylori · Bismuth subsalicylate,"Vomiting blood, black stools, or severe persistent abdominal pain",mild
skin cancer,Malignant tumor of skin cells requiring specialist evaluation and treatment.,Seek specialist care immediately — sun protection · Regular skin checks,Surgical excision · Mohs surgery · Radiation · Immunotherapy · Targeted therapy,"Any changing mole, non-healing sore, or suspicious skin lesion",severe
tonsillitis,"Inflammation of tonsils causing severe sore throat, fever and difficulty swallowing.",Warm salt water gargle · Cold ice cream · Rest · Honey · Adequate fluids,Antibiotics · Analgesics · Antipyretics · Throat lozenges · Tonsillectomy if recurrent,"Difficulty breathing, drooling, muffled voice, or symptoms over 10 days",mild
stomach cancer,Malignant tumor of stomach wall requiring specialist oncology management.,Seek specialist care immediately — nutritional support · Small frequent meals,Surgery · Chemotherapy · Radiation · Targeted therapy (trastuzumab) · Palliative care,Always requires immediate gastroenterology and oncology evaluation,severe
delirium,Acute confused state with fluctuating consciousness and disorientation.,Safe environment · Reorientation · Adequate lighting · Maintain sleep cycle · Hydration,Treat underlying cause · Haloperidol · Quetiapine · Avoid sedatives · Thiamine,Any acute onset confusion in elderly especially with fever or medication change,severe
guillain barre syndrome,Autoimmune disorder damaging peripheral nerves causing ascending paralysis.,Seek emergency care immediately — monitor breathing closely,IVIG · Plasmapheresis · Supportive ventilation · Physiotherapy · Pain management,Any ascending weakness or breathing difficulty — immediate hospitalization,severe
lumbago,"Lower back pain from muscle strain, disc problems or postural issues.",Rest · Hot or cold therapy · Gentle stretching · Posture correction · McKenzie exercises,NSAIDs · Muscle relaxants · Analgesics · Physiotherapy · Epidural steroid injection,"Leg numbness, bladder or bowel changes, or pain from injury or cancer",mild
peripheral arterial disease,Narrowed peripheral arteries reducing blood flow to limbs causing leg pain.,Regular walking · Quit smoking · Foot care · Heart-healthy diet · Wound care,Antiplatelets · Statins · Cilostazol · Revascularization · Wound care,"Non-healing foot ulcer, gangrene, or rest pain in leg",severe
chronic back pain,Back pain persisting more than 3 months significantly affecting quality of life.,Gentle yoga · Swimming · Heat therapy · Posture exercises · Weight management,NSAIDs · Muscle relaxants · Antidepressants · Epidural steroids · Physiotherapy,"Leg weakness, bladder or bowel involvement, or fever with back pain",moderate
heart failure,Heart unable to pump sufficient blood causing breathlessness and fluid retention.,Low sodium diet · Fluid restriction · Daily weighing · Gentle exercise · Elevation,ACE inhibitors · Beta blockers · Diuretics · Spironolactone · SGLT2 inhibitors,"Sudden breathlessness, weight gain of 2kg in 2 days, or ankle swelling",severe
conjunctivitis,Inflammation of conjunctiva causing red watery or sticky eyes.,Warm compress · Saline eye wash · Avoid touching eyes · Separate towels,Antibiotic eye drops · Antihistamine drops · Lubricant drops · Steroid drops,"Vision changes, severe pain, or no improvement after 5 days",mild
herniated disk,Disc material pressing on spinal nerve causing back and leg pain.,Gentle walking · Ice or heat · Anti-inflammatory diet · Avoid lifting · Posture care,NSAIDs · Muscle relaxants · Epidural steroids · Physiotherapy · Surgery if severe,"Bladder or bowel dysfunction, progressive weakness, or severe uncontrolled pain",moderate
pulmonary embolism,Blood clot in pulmonary artery blocking blood flow to lung — emergency.,Seek emergency care immediately,Anticoagulants · Thrombolytics (massive PE) · Oxygen · IVC filter · Surgery,Immediately — pulmonary embolism can be rapidly fatal,severe
melanoma,Aggressive skin cancer from melanocytes requiring immediate specialist care.,Seek specialist care immediately — sun protection · Regular skin checks,Wide local excision · Sentinel node biopsy · Immunotherapy · Targeted therapy,Any suspicious changing darkening mole or new pigmented lesion,severe
laryngitis,"Inflammation of larynx causing hoarseness, loss of voice and throat discomfort.",Voice rest · Stay hydrated · Steam inhalation · Honey · Avoid whispering,Analgesics · Corticosteroids (short course) · Antibiotics if bacterial · Antireflux therapy,"Hoarseness lasting more than 2 weeks, breathing difficulty, or coughing blood",mild
eczema,Chronic inflammatory skin condition causing itchy dry and red patches.,Moisturize frequently · Avoid triggers · Short lukewarm baths · Oatmeal bath · Cotton clothing,Topical corticosteroids · Antihistamines · Calcineurin inhibitors · Dupilumab,"Skin infection, widespread rash, or severe sleep disruption from itching",mild
gastroduodenal ulcer,Open sore in stomach or duodenum lining causing burning epigastric pain.,Avoid NSAIDs and alcohol · Small meals · No spicy foods · Probiotics · Stress reduction,PPIs · H2 blockers · Antibiotics for H. pylori · Bismuth · Antacids,"Vomiting blood, black tarry stools, severe pain, or unexplained weight loss",moderate
inguinal hernia,Tissue protrudes through weak spot in abdominal muscles near groin.,Avoid heavy lifting · Weight management · High fiber diet to prevent straining,Pain relievers · Surgical hernioplasty (definitive treatment) · Truss belt,"Sudden severe pain, non-reducible hernia, or signs of bowel obstruction",moderate
paronychia,Infection of skin around fingernail or toenail causing redness and pus.,Warm water soaks 3-4 times daily · Keep area clean and dry · Avoid nail biting,Antibiotics · Antifungals · Incision and drainage · Partial nail removal if severe,"Spreading redness, fever, or abscess formation not improving with home care",mild
mucositis,Inflammation and ulceration of mucous membranes often from chemotherapy.,Gentle saline rinse · Soft foods · Cool liquids · Good oral hygiene · Avoid irritants,Analgesics · Topical anesthetics · Antifungals if oral thrush · Growth factors,"Inability to eat or drink, severe pain, or signs of oral infection",moderate
spondylolisthesis,One vertebra slips forward over the one below causing back and leg pain.,Core strengthening exercises · Physical therapy · Weight management · Avoid impact sports,NSAIDs · Analgesics · Physiotherapy · Epidural steroids · Surgical fusion,"Leg weakness, bladder or bowel symptoms, or progressive slippage on imaging",moderate
kaposi sarcoma,Malignant tumor of blood vessel walls often associated with HIV infection.,Seek specialist care immediately — antiretroviral therapy for HIV-associated KS,Antiretrovirals · Chemotherapy · Radiation · Immunotherapy · Targeted therapy,Always requires immediate oncology and infectious disease specialist evaluation,severe
conjunctivitis due to virus,"Viral eye infection causing redness, watery discharge and irritation.",Warm compress · Saline eye rinse · Avoid touching eyes · Separate towels and pillowcase,Lubricant eye drops · Antiviral drops if herpes · Symptomatic treatment only,"Vision changes, corneal involvement, or symptoms beyond 2 weeks",mild
anemia,"Reduced red blood cells or hemoglobin causing fatigue, pallor and weakness.",Iron-rich foods · Vitamin C with iron foods · Folate-rich greens · Beetroot juice · Dates,Iron supplements · Folic acid · Vitamin B12 · Erythropoietin · Transfusion if severe,"Hemoglobin below 7 g/dL, chest pain, or breathlessness at rest",moderate
tendinitis,Inflammation of tendon causing localized pain and tenderness near a joint.,RICE — Rest Ice Compress Elevate · Gentle stretching · Eccentric exercises · Avoid overuse,NSAIDs · Corticosteroid injection · PRP therapy · Physiotherapy · Surgery if chronic,"Severe pain, complete tendon rupture, or no improvement after 3 months",mild
common cold,"Mild viral upper respiratory infection causing runny nose, sneezing and mild symptoms.",Steam inhalation · Warm fluids · Rest · Turmeric milk · Saline nasal drops · Honey,Antihistamines · Decongestants · Analgesics · Zinc lozenges · Vitamin C,"Symptoms persisting beyond 10 days, worsening, or associated high fever",mild
amyotrophic lateral sclerosis (als),Progressive neurodegenerative disease affecting motor neurons causing muscle weakness.,Physical therapy · Assistive devices · Nutritional support · Speech therapy · Palliative care,Riluzole · Edaravone · Symptomatic medications · Respiratory support,Always requires immediate neurology specialist for diagnosis and management,severe
venous insufficiency,"Inadequate venous return from legs causing swelling, skin changes and ulcers.",Elevate legs · Compression stockings · Regular walking · Weight management,Compression therapy · Diuretics · Wound care · Venous ablation · Surgery,"Non-healing leg ulcer, severe swelling, or skin breakdown",moderate
diabetes insipidus,Rare condition causing extreme thirst and large amounts of dilute urine.,Adequate fluid intake · Monitor fluid balance · Salt-restricted diet,Desmopressin · Thiazide diuretics (nephrogenic) · Indomethacin · Treat underlying cause,"Severe dehydration, electrolyte imbalance, or loss of consciousness",moderate
varicocele of the testicles,Enlargement of veins in scrotum causing dull ache and possibly affecting fertility.,Supportive underwear · Avoid prolonged standing · Semen analysis monitoring,Surgical varicocelectomy · Percutaneous embolization · Analgesics for pain,"Significant pain, testicular atrophy, or infertility evaluation needed",mild
fracture of the foot,"Broken bone in foot causing severe pain, swelling and inability to bear weight.",RICE — Rest Ice Compress Elevate · Immobilize foot · No weight bearing,Analgesics · Casting · Surgical fixation (displaced) · Physiotherapy,Always requires X-ray and orthopedic evaluation,moderate
thyroid nodule,Abnormal growth in thyroid gland requiring evaluation to rule out malignancy.,Regular monitoring · Adequate iodine intake · Thyroid function monitoring,Levothyroxine suppression · Radioactive iodine · Surgical excision if malignant,"Rapid growth, voice change, difficulty swallowing, or suspicious features on ultrasound",mild
lymphadenitis,"Inflammation of lymph nodes causing swelling, tenderness and sometimes fever.",Warm compress · Rest · Adequate hydration · Treat underlying infection,Antibiotics · Analgesics · Antivirals if viral cause · Surgical drainage if abscess,"Rapidly enlarging node, hard fixed node, or persistent beyond 4 weeks",moderate
aortic valve disease,Dysfunction of aortic valve causing stenosis or regurgitation affecting heart function.,Regular cardiac monitoring · Low sodium diet · Avoid strenuous exertion,Diuretics · ACE inhibitors · Beta blockers · Surgical valve replacement or TAVR,"Chest pain, fainting, breathlessness on exertion, or rapid symptom progression",severe
anal fistula,Abnormal tunnel between anal canal and skin causing pain and discharge.,Sitz bath · High fiber diet · Adequate fluids · Good hygiene · Manage Crohn disease,Antibiotics · Surgical fistulotomy · Seton placement · Biological therapy for Crohn,"Increasing pain, fever, or abscess formation",moderate
hypothermia,Dangerously low core body temperature below 35°C from cold exposure.,Move to warm area · Remove wet clothing · Wrap in blankets · Warm sweet drinks,IV warm fluids · Warm humidified oxygen · Cardiac monitoring · Rewarming techniques,"Core temperature below 35°C, confusion, or loss of consciousness",severe
iron deficiency anemia,Low iron stores causing inadequate red blood cell production and fatigue.,Red meat · Leafy greens · Legumes · Vitamin C to enhance iron absorption · Cook in iron pans,Ferrous sulfate · Iron polymaltose · IV iron (severe) · Folic acid · Treat underlying cause,"Hemoglobin below 8 g/dL, heart palpitations, or dizziness on standing",moderate
hypokalemia,"Low blood potassium causing muscle weakness, cramps and heart arrhythmias.",Potassium-rich foods — bananas · oranges · potatoes · spinach · Adequate hydration,Oral potassium supplements · IV potassium (severe) · Treat underlying cause,"Muscle paralysis, cardiac arrhythmia, or severe weakness",moderate
decubitus ulcer,Pressure sore from prolonged pressure on skin over bony prominences.,Regular repositioning every 2 hours · Pressure-relief mattress · Nutritional support · Skin care,Wound dressings · Debridement · Antibiotics if infected · Surgical reconstruction,"Deep wounds, exposed bone, or wound infection with systemic signs",moderate
sensorineural hearing loss,Permanent inner ear or auditory nerve damage causing partial or complete deafness.,Protect ears from loud noise · Manage underlying conditions · Hearing aid fitting,Hearing aids · Cochlear implant · Corticosteroids (sudden onset) · Treat underlying cause,Sudden hearing loss requires emergency audiological evaluation within 72 hours,moderate
urge incontinence,Sudden strong urge to urinate followed by involuntary urine leakage.,Bladder training · Pelvic floor exercises · Limit caffeine and alcohol · Timed voiding,Anticholinergics · Beta-3 agonists · Botulinum toxin injection · Sacral neuromodulation,Significantly affecting quality of life or associated with blood in urine,mild
vitamin a deficiency,"Insufficient vitamin A causing night blindness, dry eyes and immune weakness.",Orange and yellow vegetables · Dark leafy greens · Liver · Dairy · Eggs,Vitamin A supplementation · Multivitamins · Treat underlying malabsorption,"Night blindness, corneal ulceration, or frequent infections in children",moderate
fracture of the rib,Broken rib causing sharp chest pain worsened by breathing or movement.,Rest · Breathing exercises · Ice pack · Hold pillow against chest when coughing,Analgesics · NSAIDs · Intercostal nerve block · Surgery only if multiple unstable fractures,"Breathing difficulty, suspected pneumothorax, or multiple rib fractures",moderate
alcohol abuse,Pattern of harmful alcohol use causing physical and psychological dependence.,Reduce drinking gradually · Support groups · Healthy diet · Exercise · Counseling,Naltrexone · Acamprosate · Disulfiram · Benzodiazepines · Thiamine supplementation,"Withdrawal symptoms, liver disease, or complete inability to stop drinking",moderate
retinal detachment,Separation of retina from underlying tissue causing vision loss — emergency.,Seek emergency care immediately — sudden vision changes are an emergency,Surgical reattachment · Laser photocoagulation · Cryotherapy · Pneumatic retinopexy,"Immediately — any sudden flashes, floaters, or curtain over vision",severe
dental caries,Tooth decay from bacterial acid erosion of enamel causing pain and cavities.,Brush twice daily · Floss daily · Reduce sugar · Fluoride toothpaste · Regular dental visits,Dental fillings · Root canal · Crown · Tooth extraction · Fluoride treatment,"Severe pain, facial swelling, or fever associated with toothache",mild
polycythemia vera,Bone marrow disorder producing too many red blood cells increasing clot risk.,Adequate hydration · Avoid iron supplements · Regular phlebotomy as directed,Phlebotomy · Hydroxyurea · Aspirin · Ruxolitinib · Interferon-alpha,"Stroke symptoms, blood clot, or blood count becoming very high",severe
folate deficiency,Insufficient folic acid causing megaloblastic anemia and neural tube defects.,Dark leafy greens · Legumes · Citrus fruits · Fortified cereals · Avocado,Folic acid supplements · Folinic acid · Treat underlying malabsorption,"Pregnancy planning, known malabsorption, or hemoglobin falling",mild
atrial flutter,Regular but very fast atrial rhythm causing palpitations and reduced cardiac output.,Avoid caffeine and alcohol · Regular monitoring · Stress reduction · Adequate sleep,Beta blockers · Calcium channel blockers · Anticoagulants · Cardioversion · Ablation,"Chest pain, fainting, breathlessness, or rapid worsening symptoms",severe
tooth disorder,"General dental problems including decay, fracture, and sensitivity.",Brush twice daily · Fluoride toothpaste · Avoid hard foods · Dental wax for sharp edges,Analgesics · Dental fillings · Crown · Extraction · Desensitizing toothpaste,"Severe pain, swelling, fever, or trauma to the jaw",mild
heart attack,Coronary artery blockage causing heart muscle death — life-threatening emergency.,Seek emergency care immediately — call 112 or ambulance immediately,Thrombolytics · Aspirin · Anticoagulants · PCI intervention · Beta blockers,Immediately — this is a life-threatening emergency requiring ambulance,severe
oral thrush (yeast infection),Fungal infection of mouth causing white patches and soreness.,Maintain oral hygiene · Rinse mouth after inhaled steroids · Probiotics · Limit sugar,Clotrimazole troches · Oral fluconazole · Nystatin suspension · Treat underlying cause,"Difficulty swallowing, spreading to throat, or immunocompromised state",mild
orthostatic hypotension,Blood pressure drop on standing causing dizziness and fainting.,Rise slowly from sitting or lying · Increase fluid and salt intake · Compression stockings,Fludrocortisone · Midodrine · Pyridostigmine · Reduce antihypertensive dosage,"Frequent falls, fainting, or associated with neurological symptoms",moderate
obstructive sleep apnea (osa),Repeated upper airway collapse during sleep causing snoring and oxygen drops.,Weight loss · Sleep on side · Elevate head of bed · Avoid alcohol and sedatives,CPAP therapy · Oral mandibular device · Positional therapy · Surgery for anatomical causes,"Excessive daytime sleepiness, witnessed apneas, or morning headaches",moderate
arthritis of the hip,Inflammation or degeneration of hip joint causing pain and restricted movement.,Low-impact exercise · Weight management · Heat or ice therapy · Walking aids,NSAIDs · Analgesics · Corticosteroid injections · Physiotherapy · Hip replacement,"Severe pain limiting walking, night pain, or significant mobility loss",moderate
testicular torsion,Twisting of spermatic cord cutting off blood supply — urological emergency.,Seek emergency care immediately — do not delay for any reason,Emergency surgical detorsion — within 6 hours to save testicle,Immediately — testicular torsion requires emergency surgery within hours,severe
pain disorder affecting the neck,"Persistent neck pain from muscle tension, disc disease or nerve compression.",Neck stretches · Heat or ice · Good posture · Ergonomic workstation · Pillow adjustment,NSAIDs · Muscle relaxants · Physiotherapy · Cervical collar · Nerve block,"Arm weakness, numbness, or inability to control bladder or bowel",mild
acute bronchiolitis,Viral lower respiratory infection in infants causing wheezing and breathing difficulty.,Saline nasal drops · Upright positioning · Small frequent feeds · Humidified air,Oxygen therapy · Bronchodilators · IV fluids · Hypertonic saline nebulization,"Severe respiratory distress, oxygen below 92%, or poor feeding in infant",moderate
dementia,"Progressive cognitive decline affecting memory, thinking and daily functioning.",Mental stimulation · Physical exercise · Social engagement · Structured routine · Safety measures,Donepezil · Memantine · Rivastigmine · Antidepressants · Antipsychotics if needed,"Rapid cognitive decline, behavioral changes, or safety concerns",severe
insect bite,"Skin reaction to insect sting or bite causing local pain, itching and swelling.",Wash with soap and water · Ice pack · Elevate limb · Remove stinger · Baking soda paste,Antihistamines · Topical hydrocortisone · Calamine lotion · Epinephrine if anaphylaxis,"Anaphylaxis symptoms, rapidly spreading redness, or bite from venomous insect",mild
congenital heart defect,Structural heart abnormality present from birth affecting circulation.,Regular cardiac follow-up · Healthy diet · Activity as tolerated · Endocarditis prophylaxis,Depends on defect — surgery · Catheter intervention · Medications · Monitoring,"Breathlessness, cyanosis, poor weight gain, or symptoms in child with known defect",severe
pyogenic skin infection,"Bacterial skin infection causing pus-filled lesions, boils or abscesses.",Warm compress to promote drainage · Keep clean · Avoid squeezing · Good hand hygiene,Topical antibiotics · Oral antibiotics · Incision and drainage · Wound care,"Spreading redness, fever, facial involvement, or recurrent infections",mild
acanthosis nigricans,Dark velvety skin patches in skin folds associated with insulin resistance.,Weight loss · Low glycemic diet · Regular exercise · Blood sugar management,Treat underlying insulin resistance · Metformin · Topical retinoids · Laser therapy,"Rapid onset, associated symptoms of diabetes, or widespread involvement",mild
noninfectious gastroenteritis,Stomach and intestinal inflammation not from infection causing nausea and diarrhea.,BRAT diet · ORS · Rest · Avoid dairy · Ginger tea · Probiotics,Antiemetics · Antidiarrheals · ORS · Antispasmodics · Probiotics,"Severe dehydration, blood in stool, or symptoms beyond 48 hours",mild
benign prostatic hyperplasia (bph),Non-cancerous prostate enlargement causing urinary hesitancy and frequency.,Reduce fluid before bedtime · Limit caffeine and alcohol · Double voiding technique,Alpha blockers · 5-alpha reductase inhibitors · Phosphodiesterase inhibitors · Surgery,"Inability to urinate, recurrent UTI, or kidney involvement",moderate
menopause,"Natural end of menstrual cycles causing hot flashes, mood changes and dryness.",Regular exercise · Healthy diet · Stress management · Cool environment · Phytoestrogens,HRT · Selective estrogen receptor modulators · SSRIs for mood · Vaginal estrogen,Severe symptoms significantly affecting quality of life or early menopause before 40,mild
ovarian cancer,Malignant ovarian tumor often detected late requiring specialist oncology care.,Seek specialist care immediately — healthy diet · Support groups,Surgery · Platinum-based chemotherapy · PARP inhibitors · Targeted therapy,Always requires immediate gynecology oncology specialist evaluation,severe
cataract,Clouding of eye lens causing progressive vision blurring and glare sensitivity.,UV-protective sunglasses · Adequate lighting · Anti-glare glasses · Regular eye exams,Surgical phacoemulsification with intraocular lens implant · Glasses prescription,Significant vision affecting daily activities or driving,mild
spinal stenosis,Narrowing of spinal canal compressing nerves causing leg pain and weakness.,Walking · Cycling · Core strengthening · Flexion exercises · Weight management,NSAIDs · Epidural steroid injections · Physiotherapy · Surgical decompression,"Progressive leg weakness, bladder or bowel dysfunction, or inability to walk",moderate
intestinal obstruction,Blockage preventing food and gas from passing through intestines — often an emergency.,Seek emergency care immediately — medical emergency,IV fluids · Nasogastric decompression · Surgical relief of obstruction · Antibiotics,Immediately — intestinal obstruction requires urgent hospital assessment,severe
peripheral nerve disorder,"Damage to peripheral nerves causing numbness, tingling, weakness or pain.",Manage underlying cause · Foot care · Regular exercise · B vitamin-rich diet,B vitamins · Alpha lipoic acid · Gabapentin · Pregabalin · Amitriptyline,"Progressive weakness, autonomic symptoms, or rapid onset neuropathy",moderate
neurosis,"Mild mental health condition causing anxiety, obsessions or phobias without psychosis.",Regular exercise · Mindfulness · Social connection · Journaling · CBT therapy,SSRIs · Benzodiazepines (short term) · Buspirone · Psychotherapy · Beta blockers,Symptoms significantly impairing daily function or escalating in severity,mild
cerebral edema,Brain swelling causing increased intracranial pressure — medical emergency.,Seek emergency care immediately,Mannitol · Hypertonic saline · Corticosteroids · Hyperventilation · Surgery,Immediately — cerebral edema is a life-threatening neurological emergency,severe
hematoma,Localized collection of clotted blood outside blood vessel causing swelling and pain.,Ice pack · Rest · Elevation · Compression · Avoid aspirin,Analgesics · NSAIDs · Surgical drainage for large hematomas · Physiotherapy,"Rapidly expanding hematoma, intracranial symptoms, or signs of compartment syndrome",mild
seborrheic keratosis,Benign waxy skin growths that appear with aging — not cancerous.,No treatment required · Sun protection · Avoid picking or irritating lesions,Cryotherapy · Laser removal · Electrosurgery · Curettage — cosmetic only,"Rapidly changing appearance, bleeding, or uncertainty about diagnosis",mild
spontaneous abortion,Natural pregnancy loss before 20 weeks — both physical and emotional support needed.,Rest · Adequate hydration · Emotional support · Avoid strenuous activity · Grief counseling,Misoprostol · Surgical evacuation (D&C) · Rhesus prophylaxis · Progesterone support,"Heavy bleeding, signs of infection, or incomplete miscarriage",moderate
adjustment reaction,Short-term emotional disturbance in response to identifiable stressor.,Talk therapy · Social support · Physical activity · Journaling · Stress management,Short-term anxiolytics · SSRIs · CBT · Crisis counseling,"Prolonged duration, suicidal thoughts, or inability to function",mild
lichen planus,Inflammatory condition causing purple itchy flat-topped bumps on skin or mucosa.,Avoid triggers · Oatmeal baths · Stress management · Gentle oral hygiene,Topical corticosteroids · Oral steroids · Retinoids · Antihistamines · Tacrolimus,"Oral lesions not healing, malignant transformation risk, or widespread involvement",mild
dyshidrosis,Small itchy blisters on palms and soles from vesicular eczema.,Cool compress · Gentle moisturizing · Avoid irritants and allergens · Stress reduction,Topical corticosteroids · Antihistamines · Tacrolimus · Phototherapy · Botulinum toxin,"Spreading infection, severely affecting hand function, or recurrent episodes",mild
diaper rash,"Skin irritation in diaper area from moisture, friction and contact with waste.",Frequent diaper changes · Air exposure · Barrier cream · Gentle cleaning,Zinc oxide cream · Antifungal cream if candida · Mild topical steroid · Petroleum jelly,"Bright red rash with satellite lesions, fever, or pus-filled spots",mild
contact dermatitis,Skin inflammation from direct contact with irritant or allergen.,Identify and avoid trigger · Cool compress · Calamine lotion · Oatmeal bath,Topical corticosteroids · Antihistamines · Moisturizers · Oral steroids if severe,"Facial involvement, blistering over large area, or severe symptoms",mild
sinus bradycardia,Slow heart rate below 60 bpm from sinus node — may be normal or pathological.,Regular monitoring · Avoid excessive vagal maneuvers · Stay hydrated · Regular exercise,Atropine (symptomatic) · Pacemaker (permanent symptomatic) · Treat underlying cause,"Fainting, chest pain, breathlessness, or heart rate below 40 at rest",moderate
tic (movement) disorder,Repetitive involuntary movements or vocalizations affecting children and adults.,Reduce stress · Adequate sleep · Habit reversal training · Avoid stimulant exposure,Clonidine · Guanfacine · Fluphenazine · Topiramate · Behavioral therapy,"Tics causing significant social impairment, self-injury, or worsening rapidly",mild
brachial neuritis,Sudden severe shoulder and arm pain from brachial plexus inflammation.,Rest arm · Pain relief · Gradual physiotherapy as pain subsides · Heat therapy,NSAIDs · Corticosteroids · Gabapentin · Physiotherapy · Pain management,No improvement after 4 weeks or progressive weakness,moderate
cervical cancer,Malignant tumor of cervix often from HPV requiring specialist oncology care.,Seek specialist care immediately — HPV vaccination preventive · Regular Pap smears,Surgery · Radiation · Chemotherapy · Targeted therapy · Brachytherapy,Always requires immediate gynecology oncology specialist evaluation,severe
esophagitis,Inflammation of esophagus lining causing painful swallowing and heartburn.,Small soft meals · Avoid spicy and acidic foods · No late meals · Elevate head of bed,PPIs · H2 blockers · Antacids · Antifungals if candidal · Corticosteroids if eosinophilic,"Difficulty swallowing, vomiting blood, or weight loss",mild
yeast infection,"Candida fungal overgrowth causing itching, discharge and discomfort.",Probiotics · Avoid tight synthetic clothing · Keep area dry · Limit sugar intake,Topical clotrimazole · Oral fluconazole · Boric acid suppositories · Antifungal creams,"Recurrent infections, pregnancy, or first time to confirm diagnosis",mild
drug poisoning due to medication,Accidental or intentional overdose of medication causing toxicity.,Seek emergency care immediately — call poison control or ambulance,Activated charcoal · Specific antidotes · Supportive care · IV fluids · Dialysis,Always seek emergency care for any suspected medication overdose,severe
alcoholic liver disease,Liver damage from chronic heavy alcohol consumption progressing to cirrhosis.,Stop alcohol completely · Nutritious diet · Vitamin B supplementation · Adequate rest,Corticosteroids · Pentoxifylline · Nutritional support · Liver transplant evaluation,"Jaundice, ascites, confusion, or vomiting blood",severe
diverticulitis,Inflammation or infection of diverticular pouches in colon causing abdominal pain.,Low fiber diet during acute episode · Rest · Clear liquids · Gradual return to high fiber,Antibiotics · Analgesics · IV fluids if severe · Surgical resection for complications,"High fever, severe pain, peritonitis signs, or inability to tolerate fluids",moderate
heat exhaustion,"Heat-related illness with heavy sweating, weakness and nausea — precursor to heat stroke.",Move to cool area · Cool wet cloths · ORS · Rest · Elevate legs,ORS · IV fluids if unable to drink · Antipyretics · Cooling measures,"If heat stroke suspected, altered consciousness, or not improving within 30 minutes",moderate
psychotic disorder,Mental illness involving loss of contact with reality including hallucinations.,Safe environment · Structured routine · Family support · Avoid stress and substances,Antipsychotics · Mood stabilizers · Depot injections · CBT · Psychosocial rehabilitation,"Acute psychosis, self-harm, violence risk, or inability to care for self",severe
frostbite,Tissue freezing injury from extreme cold causing numbness and tissue damage.,Warm affected area gradually · Warm water immersion · Remove wet clothing · Do not rub,Analgesics · Vasodilators · Anticoagulants · Wound care · Surgery for severe cases,"Any suspected frostbite beyond superficial, blistering, or black tissue",moderate
essential tremor,Involuntary rhythmic shaking most commonly affecting hands during movement.,Reduce caffeine · Adequate sleep · Stress management · Physical therapy · Support groups,Propranolol · Primidone · Gabapentin · Topiramate · Deep brain stimulation if severe,Tremor interfering with daily activities or rapidly worsening,mild
idiopathic painful menstruation,Severe menstrual cramps without obvious underlying cause affecting quality of life.,Heat pad on abdomen · Exercise · Omega-3 foods · Ginger tea · Magnesium-rich foods,NSAIDs · Combined oral contraceptives · Antispasmodics · GnRH agonists,Severe pain not responding to NSAIDs or pain worsening over years,mild
pneumothorax,Collapsed lung from air entering pleural space causing chest pain and breathlessness.,Seek emergency care immediately,Oxygen · Needle decompression · Chest drain · Surgery for recurrence,Any suspected pneumothorax is a medical emergency,severe
fracture of the vertebra,Broken vertebra usually from osteoporosis or trauma causing back pain.,Rest · Ice pack · No heavy lifting · Pain management · Avoid bending and twisting,Analgesics · Bracing · Vertebroplasty · Kyphoplasty · Surgery for instability,"Neurological symptoms, severe pain, or multiple fractures",severe
human immunodeficiency virus infection (hiv),Viral infection attacking immune system requiring lifelong antiretroviral therapy.,Regular medical follow-up · Healthy diet · Regular exercise · Avoid infections · Safe sex,Antiretroviral therapy (ART) · Prophylactic antibiotics · Vaccinations · Supportive care,Always requires specialist infectious disease management — lifelong treatment,severe
mumps,Viral infection causing painful swelling of salivary glands and fever.,Rest · Soft diet · Warm or cold compresses on swollen glands · Hydration,Analgesics · Antipyretics · Supportive care · Scrotal support if orchitis,"Testicular pain, severe headache, hearing loss, or abdominal pain",mild
subarachnoid hemorrhage,Bleeding into subarachnoid space causing sudden severe thunderclap headache.,Seek emergency care immediately,Nimodipine · Surgical clipping · Endovascular coiling · ICU monitoring · Supportive care,Immediately — worst headache of life is a neurological emergency,severe
lactose intolerance,"Inability to digest lactose causing bloating, gas and diarrhea after dairy.",Avoid or limit dairy · Lactase enzyme before dairy · Plant-based milk alternatives,Lactase enzyme supplements · Probiotics · Calcium supplements · Lactose-free products,Severe symptoms significantly affecting nutrition or weight loss,mild
ankylosing spondylitis,Inflammatory arthritis primarily affecting spine causing back pain and stiffness.,Regular exercise · Swimming · Posture exercises · Anti-inflammatory diet · Quit smoking,NSAIDs · DMARDs · Biologics (TNF and IL-17 inhibitors) · Physiotherapy,"Severe spine stiffness, hip involvement, or eye inflammation",moderate
birth trauma,"Injury to infant during birth process causing bruising, nerve or bone damage.",Gentle positioning · Physiotherapy referral · Monitor neurological development,Physiotherapy · Occupational therapy · Analgesics · Surgery for fractures,"Persistent weakness, no improvement in movement, or developmental delay",moderate
male genitalia infection,Bacterial or fungal infection of male genital area causing itching and discharge.,Good hygiene · Keep area dry · Cotton underwear · Avoid irritants,Antibiotics · Antifungals · Topical antiseptics · Partner treatment if STI,"Spreading infection, fever, penile discharge, or suspected STI",mild
hpv,Human papillomavirus infection causing genital warts and cervical cancer risk.,Safe sex · HPV vaccination · Regular cervical screening · Boost immunity,Topical treatments for warts · Cryotherapy · Laser · Immunomodulators · No cure for virus,"Persistent warts, abnormal Pap smear, or immunocompromised state",mild
nasal polyp,Soft noncancerous growths in nasal passages causing congestion and loss of smell.,Saline nasal rinse · Avoid allergens · Nasal corticosteroid spray · Treat allergies,Nasal corticosteroids · Oral steroids · Biologic therapy · Endoscopic sinus surgery,"Complete nasal obstruction, severe headache, or vision changes",mild
acariasis,"Infestation by mites causing skin itching, rashes and dermatitis.",Wash all bedding in hot water · Clean environment · Avoid sharing bedding · HEPA filter,Permethrin cream · Ivermectin · Antihistamines · Topical corticosteroids,"Widespread infestation, secondary bacterial infection, or household spread",mild
skin pigmentation disorder,Abnormal skin coloration from excess or deficient melanin production.,Sun protection · Vitamin C serum · Avoid skin trauma · Regular dermatology review,Hydroquinone · Retinoids · Azelaic acid · Laser therapy · Chemical peels,"Rapid change in lesion, associated systemic symptoms, or uncertain diagnosis",mild
toxoplasmosis,Parasitic infection from Toxoplasma gondii causing flu-like illness or brain infection.,Avoid raw meat · Wash hands after gardening · Pregnant women avoid cat litter,Pyrimethamine · Sulfadiazine · Folinic acid · Spiramycin in pregnancy,"Immunocompromised state, pregnancy with primary infection, or neurological symptoms",moderate
open wound of the hand,Laceration or traumatic wound of hand requiring wound care and tetanus prevention.,Clean with clean water · Apply pressure to stop bleeding · Cover with clean cloth,Wound cleaning · Suturing · Tetanus prophylaxis · Antibiotics · Analgesics,"Deep wounds, tendon exposure, persistent bleeding, or signs of infection",moderate
soft tissue sarcoma,Rare malignant tumor of soft tissues requiring specialist oncology care.,Seek specialist care immediately — nutritional support,Surgery · Radiation · Chemotherapy · Targeted therapy · Immunotherapy,Always requires immediate surgical oncology specialist evaluation,severe
avascular necrosis,Death of bone tissue from disrupted blood supply causing joint collapse.,Reduce weight bearing · Avoid alcohol · Quit smoking · Physical therapy,NSAIDs · Bisphosphonates · Core decompression · Bone grafting · Joint replacement,"Progressive pain, joint collapse, or inability to ambulate",severe
rheumatic fever,"Inflammatory complication of strep throat affecting heart, joints and skin.",Complete antibiotic course · Rest · Anti-inflammatory diet · Regular cardiac monitoring,Antibiotics · Aspirin · NSAIDs · Corticosteroids · Prophylactic penicillin,"Heart murmur, chest pain, or neurological symptoms after strep infection",severe
aphthous ulcer,Painful mouth ulcer on soft oral mucosa causing eating and talking difficulty.,Rinse with salt water · Honey application · Avoid acidic and spicy foods · Vitamin B12,Topical corticosteroids · Topical anesthetics · Antimicrobial mouthwash · Vitamin B12,"Ulcers larger than 1cm, lasting more than 3 weeks, or multiple recurring ulcers",mild
rocky mountain spotted fever,"Serious tick-borne bacterial disease causing fever, headache and characteristic rash.",Seek emergency care immediately — early treatment is critical,Doxycycline (antibiotic of choice) · Supportive hospital care,Any suspected case requires immediate antibiotic treatment — delay is dangerous,severe
acute stress reaction,Immediate psychological response to traumatic event causing dissociation and distress.,Calm safe environment · Grounding techniques · Social support · Rest · Counseling,Short-term anxiolytics · SSRIs · Crisis counseling · Trauma-focused CBT,"Symptoms lasting more than 1 month, suicidal thoughts, or inability to function",mild
hemangioma,Benign blood vessel tumor causing red birthmark on skin or internal organs.,Monitor as per specialist advice · Sun protection for skin hemangiomas,Propranolol (infantile) · Timolol · Corticosteroids · Laser therapy · Surgery,"Rapidly growing, bleeding, interfering with vision or airway, or ulcerated",mild
rhabdomyolysis,Muscle breakdown releasing myoglobin into bloodstream causing kidney damage.,Seek emergency care immediately — aggressive IV hydration is critical,IV fluids · Monitoring electrolytes · Dialysis if kidney failure · Treat underlying cause,Immediately — rhabdomyolysis can cause rapid kidney failure without treatment,severe
necrotizing fasciitis,Rapidly spreading bacterial infection destroying fascia — surgical emergency.,Seek emergency care immediately,Emergency surgical debridement · IV antibiotics · ICU care · Skin grafting,Immediately — necrotizing fasciitis is rapidly fatal without emergency surgery,severe
bladder obstruction,Blockage preventing urine from leaving bladder causing severe urinary retention.,Seek emergency care immediately for acute retention · Avoid bladder irritants,Catheterization · Alpha blockers · Surgery · Treat underlying BPH or stricture,"Inability to urinate, severe lower abdominal pain, or known bladder condition",severe
asperger syndrome,Neurodevelopmental condition on autism spectrum affecting social interaction.,Structured routine · Social skills training · Sensory accommodations · Supportive schooling,SSRIs for anxiety · Stimulants for ADHD features · Risperidone · Speech therapy,"Severe anxiety, self-harm, or significant social and academic impairment",moderate
white blood cell disease,Disorders of white blood cell production or function affecting immune system.,Infection prevention · Nutrition optimization · Avoid exposure to sick individuals,Depends on type — growth factors · Chemotherapy · Bone marrow transplant · Immunotherapy,"Recurrent severe infections, unexplained fever, or lymph node enlargement",severe
pseudotumor cerebri,Increased intracranial pressure without brain tumor causing headache and vision problems.,Weight loss · Elevate head of bed · Low sodium diet · Regular neurological monitoring,Acetazolamide · Furosemide · Topiramate · Optic nerve sheath fenestration · LP shunting,"Visual field loss, papilledema worsening, or uncontrolled headache",moderate
open wound of the nose,Laceration or traumatic wound of nose requiring wound care and infection prevention.,Apply pressure to stop bleeding · Clean with clean water · Cover wound,Wound cleaning · Suturing · Tetanus prophylaxis · Antibiotics · Nasal packing if needed,"Heavy uncontrolled bleeding, septal involvement, or fracture suspected",mild
